order_id,date,product,category,region,sales_rep,quantity,unit_price,discount,revenue,profit,customer_rating
1001,2023-01-01,Watch,Electronics,North,Diana,8,299,15,24218,12261,4.5
1002,2023-01-02,Headphones,Electronics,South,Alice,9,999,0,3411,1492,4.1
1003,2023-01-03,Tablet,Wearables,West,Charlie,5,599,5,19299,6889,4.1
1004,2023-01-04,Headphones,Accessories,East,Diana,18,999,10,49902,10897,3.2
1005,2023-01-05,Headphones,Electronics,West,Charlie,11,999,5,15694,14485,3.3
1006,2023-01-06,Phone,Wearables,North,Charlie,15,1299,20,5451,777,4.1
1007,2023-01-07,Tablet,Accessories,West,Alice,9,299,20,41366,205,3.5
1008,2023-01-08,Tablet,Electronics,East,Diana,17,999,20,28833,11579,3.0
1009,2023-01-09,Tablet,Accessories,West,Eve,12,199,0,22173,4853,4.4
1010,2023-01-10,Headphones,Wearables,North,Alice,7,199,15,49385,2046,3.1
1011,2023-01-11,Watch,Electronics,South,Alice,10,1299,5,41370,5644,4.2
1012,2023-01-12,Tablet,Accessories,West,Diana,10,299,5,6065,1195,4.1
1013,2023-01-13,Headphones,Electronics,North,Diana,13,299,5,23321,13375,4.9
1014,2023-01-14,Phone,Accessories,North,Charlie,19,199,5,25994,7085,4.0
1015,2023-01-15,Watch,Wearables,East,Diana,11,599,20,34441,14196,3.1
1016,2023-01-16,Phone,Wearables,East,Charlie,13,1299,5,9124,1882,4.1
1017,2023-01-17,Watch,Electronics,West,Alice,8,1299,15,47662,4641,4.7
1018,2023-01-18,Headphones,Accessories,South,Bob,8,199,20,46524,14336,5.0
1019,2023-01-19,Laptop,Electronics,North,Eve,4,199,5,1335,3357,3.9
1020,2023-01-20,Watch,Electronics,West,Alice,15,599,0,19146,6313,3.6
1021,2023-01-21,Phone,Accessories,North,Diana,11,599,10,12324,10289,4.8
1022,2023-01-22,Headphones,Accessories,North,Eve,11,299,10,37835,14585,3.4
1023,2023-01-23,Watch,Accessories,South,Bob,1,1299,10,4315,4969,4.2
1024,2023-01-24,Laptop,Wearables,South,Bob,17,1299,20,49898,1661,3.8
1025,2023-01-25,Laptop,Electronics,West,Charlie,15,199,5,2929,4106,3.1
1026,2023-01-26,Tablet,Electronics,South,Eve,6,299,20,42450,9967,3.7
1027,2023-01-27,Tablet,Wearables,South,Charlie,15,1299,15,42386,9414,3.5
1028,2023-01-28,Phone,Accessories,West,Alice,9,299,0,44898,4081,4.4
1029,2023-01-29,Watch,Wearables,South,Eve,14,299,0,3107,9593,4.9
1030,2023-01-30,Watch,Wearables,East,Alice,18,199,10,26150,5782,3.5
1031,2023-01-31,Tablet,Wearables,North,Charlie,17,299,10,39198,5882,4.6
1032,2023-02-01,Watch,Electronics,North,Eve,18,599,10,32853,1043,3.1
1033,2023-02-02,Watch,Wearables,North,Charlie,5,599,5,37290,4650,4.1
1034,2023-02-03,Laptop,Electronics,North,Eve,9,999,15,12491,13515,3.1
1035,2023-02-04,Tablet,Electronics,West,Charlie,11,199,15,21668,9237,4.9
1036,2023-02-05,Headphones,Electronics,North,Bob,1,999,15,31599,700,4.5
1037,2023-02-06,Tablet,Accessories,North,Charlie,18,599,15,39885,10992,4.3
1038,2023-02-07,Headphones,Electronics,North,Bob,6,999,10,36419,13112,4.6
1039,2023-02-08,Laptop,Electronics,North,Charlie,2,199,0,31916,6476,4.3
1040,2023-02-09,Phone,Accessories,East,Eve,15,199,10,6080,9709,4.9
1041,2023-02-10,Watch,Electronics,North,Eve,14,299,15,7554,1624,4.4
1042,2023-02-11,Laptop,Wearables,East,Eve,5,1299,10,24590,3866,4.8
1043,2023-02-12,Watch,Wearables,West,Diana,6,299,15,40887,350,4.0
1044,2023-02-13,Phone,Electronics,South,Alice,6,199,20,16323,9836,3.2
1045,2023-02-14,Phone,Accessories,North,Eve,18,599,0,46515,178,4.1
1046,2023-02-15,Laptop,Wearables,South,Bob,14,599,20,37841,3223,3.3
1047,2023-02-16,Phone,Accessories,South,Eve,10,299,5,15839,9189,4.2
1048,2023-02-17,Headphones,Accessories,West,Diana,14,199,10,3991,7164,4.0
1049,2023-02-18,Phone,Wearables,South,Bob,13,599,5,1206,13168,4.2
1050,2023-02-19,Watch,Accessories,East,Diana,3,199,10,32457,8517,3.0
1051,2023-02-20,Watch,Wearables,South,Bob,6,599,20,16228,13462,3.4
1052,2023-02-21,Watch,Accessories,South,Charlie,8,199,15,7497,1309,4.0
1053,2023-02-22,Watch,Wearables,South,Alice,12,999,15,38501,5253,4.9
1054,2023-02-23,Headphones,Electronics,North,Alice,13,199,10,39023,4998,3.8
1055,2023-02-24,Tablet,Wearables,North,Diana,11,199,15,25663,13129,3.8
1056,2023-02-25,Laptop,Wearables,East,Alice,12,299,20,18218,2278,4.4
1057,2023-02-26,Watch,Wearables,East,Diana,1,999,15,22472,10971,4.2
1058,2023-02-27,Phone,Wearables,North,Diana,17,1299,20,18731,7710,3.6
1059,2023-02-28,Watch,Accessories,East,Diana,16,299,5,40119,11177,3.8
1060,2023-03-01,Phone,Electronics,North,Alice,11,1299,20,12626,11098,3.4
1061,2023-03-02,Phone,Wearables,West,Diana,13,599,0,24095,8995,4.9
1062,2023-03-03,Watch,Accessories,South,Alice,18,1299,0,41133,2644,3.3
1063,2023-03-04,Headphones,Electronics,South,Diana,11,199,0,12618,5622,3.7
1064,2023-03-05,Phone,Electronics,East,Eve,12,1299,10,3817,2470,3.1
1065,2023-03-06,Phone,Electronics,North,Diana,6,299,10,45480,3381,3.4
1066,2023-03-07,Watch,Electronics,North,Bob,9,299,10,44615,4810,4.6
1067,2023-03-08,Phone,Wearables,East,Diana,16,1299,20,43658,428,3.4
1068,2023-03-09,Phone,Wearables,North,Charlie,4,299,10,48131,13783,3.2
1069,2023-03-10,Watch,Accessories,West,Diana,3,299,5,49816,5679,3.9
1070,2023-03-11,Watch,Accessories,South,Bob,16,1299,0,40328,4328,3.0
1071,2023-03-12,Laptop,Accessories,East,Bob,12,999,20,16004,13222,3.2
1072,2023-03-13,Headphones,Electronics,East,Alice,11,999,0,3557,6894,4.6
1073,2023-03-14,Headphones,Electronics,North,Eve,5,599,10,27160,220,4.5
1074,2023-03-15,Phone,Wearables,East,Diana,18,299,20,37696,6849,4.8
1075,2023-03-16,Headphones,Electronics,West,Alice,19,1299,15,902,13863,4.7
1076,2023-03-17,Phone,Electronics,North,Eve,6,299,5,9105,1064,4.4
1077,2023-03-18,Laptop,Electronics,North,Diana,18,199,10,16261,4324,3.1
1078,2023-03-19,Watch,Accessories,North,Charlie,6,299,10,27543,3775,4.6
1079,2023-03-20,Watch,Accessories,North,Diana,4,299,5,34135,5794,4.7
1080,2023-03-21,Watch,Wearables,West,Bob,12,999,5,14279,2176,4.6
1081,2023-03-22,Headphones,Electronics,North,Bob,19,1299,15,15655,6965,4.0
1082,2023-03-23,Laptop,Electronics,East,Charlie,2,299,10,41478,5743,3.5
1083,2023-03-24,Headphones,Wearables,West,Alice,17,999,10,33632,8624,4.7
1084,2023-03-25,Headphones,Electronics,South,Eve,11,599,0,24351,11660,4.5
1085,2023-03-26,Laptop,Electronics,South,Diana,11,999,20,15866,5349,5.0
1086,2023-03-27,Laptop,Accessories,East,Bob,16,999,20,28908,1416,3.3
1087,2023-03-28,Laptop,Wearables,East,Alice,2,999,0,7071,1296,3.5
1088,2023-03-29,Laptop,Wearables,West,Charlie,2,299,20,14517,3270,3.4
1089,2023-03-30,Watch,Wearables,South,Bob,8,299,5,39736,9721,4.6
1090,2023-03-31,Tablet,Wearables,South,Charlie,13,599,20,4650,455,3.4
1091,2023-04-01,Tablet,Accessories,South,Diana,10,199,20,46333,12526,3.1
1092,2023-04-02,Laptop,Accessories,South,Eve,8,199,0,19923,9818,5.0
1093,2023-04-03,Tablet,Electronics,South,Bob,4,199,15,4637,12189,3.0
1094,2023-04-04,Tablet,Electronics,North,Bob,15,599,20,30492,13585,4.7
1095,2023-04-05,Laptop,Electronics,East,Diana,1,199,20,45504,128,3.7
1096,2023-04-06,Tablet,Electronics,North,Alice,11,199,15,29402,13318,4.7
1097,2023-04-07,Headphones,Accessories,South,Eve,7,999,0,45421,14931,4.1
1098,2023-04-08,Phone,Wearables,West,Bob,17,299,15,14333,1113,4.8
1099,2023-04-09,Phone,Accessories,West,Eve,18,299,0,1881,10994,4.9
1100,2023-04-10,Laptop,Electronics,South,Bob,12,999,5,8654,9119,3.0
1101,2023-04-11,Watch,Accessories,South,Eve,9,999,0,34735,12738,3.2
1102,2023-04-12,Laptop,Wearables,West,Charlie,5,999,5,13939,14989,3.5
1103,2023-04-13,Watch,Wearables,North,Bob,10,299,5,19622,2124,4.3
1104,2023-04-14,Phone,Accessories,North,Eve,4,199,0,24456,8590,4.8
1105,2023-04-15,Laptop,Accessories,South,Alice,5,999,10,17764,5939,3.9
1106,2023-04-16,Headphones,Accessories,North,Charlie,10,599,0,45274,10157,4.2
1107,2023-04-17,Tablet,Electronics,West,Charlie,11,999,20,3649,12308,3.4
1108,2023-04-18,Watch,Accessories,North,Alice,10,1299,20,25160,13603,4.6
1109,2023-04-19,Tablet,Accessories,South,Eve,8,999,10,41160,5891,4.9
1110,2023-04-20,Tablet,Accessories,West,Diana,2,299,5,21028,10403,3.5
1111,2023-04-21,Laptop,Wearables,North,Alice,8,999,10,49404,854,4.0
1112,2023-04-22,Tablet,Wearables,East,Eve,16,1299,20,1668,9061,3.2
1113,2023-04-23,Headphones,Electronics,West,Alice,5,599,10,45624,3835,4.1
1114,2023-04-24,Tablet,Electronics,West,Alice,3,199,0,36397,1338,4.0
1115,2023-04-25,Laptop,Wearables,East,Bob,12,999,10,15532,13221,3.3
1116,2023-04-26,Headphones,Wearables,East,Eve,13,1299,5,35794,10505,3.9
1117,2023-04-27,Phone,Wearables,West,Diana,13,1299,0,44327,2006,3.7
1118,2023-04-28,Tablet,Accessories,East,Bob,10,599,15,4016,7499,4.0
1119,2023-04-29,Laptop,Accessories,South,Alice,4,299,20,20251,8061,4.2
1120,2023-04-30,Phone,Wearables,South,Alice,9,999,20,30873,9856,3.0
1121,2023-05-01,Phone,Accessories,South,Alice,2,1299,10,30770,9510,4.5
1122,2023-05-02,Watch,Accessories,West,Eve,19,599,0,10886,4701,4.4
1123,2023-05-03,Headphones,Electronics,East,Eve,1,199,15,36823,9649,3.7
1124,2023-05-04,Tablet,Wearables,East,Bob,7,1299,0,49280,12131,3.1
1125,2023-05-05,Laptop,Wearables,North,Diana,17,599,20,14657,1560,4.5
1126,2023-05-06,Watch,Accessories,North,Bob,3,299,0,38379,7769,4.9
1127,2023-05-07,Headphones,Wearables,East,Charlie,3,299,15,40020,12277,3.5
1128,2023-05-08,Watch,Electronics,East,Alice,3,1299,10,39632,1516,3.6
1129,2023-05-09,Headphones,Electronics,East,Alice,17,1299,5,4126,11145,3.4
1130,2023-05-10,Headphones,Electronics,West,Alice,7,999,0,20900,7866,4.2
1131,2023-05-11,Tablet,Wearables,East,Bob,14,599,5,37143,13560,3.3
1132,2023-05-12,Headphones,Wearables,North,Bob,17,1299,20,38765,13148,3.7
1133,2023-05-13,Watch,Wearables,West,Alice,18,999,10,16479,13220,4.4
1134,2023-05-14,Headphones,Wearables,East,Bob,13,999,10,12029,1528,4.1
1135,2023-05-15,Tablet,Wearables,North,Eve,18,1299,0,17145,4478,3.8
1136,2023-05-16,Tablet,Electronics,West,Eve,4,299,10,26924,7629,3.8
1137,2023-05-17,Watch,Accessories,East,Bob,1,599,0,13882,4574,4.1
1138,2023-05-18,Phone,Electronics,East,Alice,18,599,0,4525,12585,3.0
1139,2023-05-19,Phone,Wearables,East,Bob,1,299,5,43726,11354,3.2
1140,2023-05-20,Headphones,Electronics,West,Bob,13,1299,10,14344,3171,4.8
1141,2023-05-21,Laptop,Wearables,North,Bob,10,599,0,4675,655,3.2
1142,2023-05-22,Headphones,Wearables,North,Charlie,11,1299,5,31019,8647,4.4
1143,2023-05-23,Watch,Electronics,South,Eve,9,1299,15,9674,1663,4.8
1144,2023-05-24,Watch,Wearables,East,Diana,9,999,5,3943,11792,3.5
1145,2023-05-25,Watch,Accessories,South,Diana,5,299,5,21895,1140,3.7
1146,2023-05-26,Watch,Wearables,South,Charlie,1,1299,0,11225,2786,4.1
1147,2023-05-27,Watch,Accessories,North,Bob,17,199,20,33961,12766,4.8
1148,2023-05-28,Tablet,Accessories,West,Charlie,2,299,20,41615,13067,4.9
1149,2023-05-29,Phone,Wearables,West,Charlie,13,599,20,45048,2653,4.5
1150,2023-05-30,Watch,Electronics,North,Alice,9,999,5,31851,1879,3.2
1151,2023-05-31,Laptop,Accessories,West,Eve,4,599,0,18696,13286,4.3
1152,2023-06-01,Laptop,Electronics,South,Diana,5,599,10,47109,175,3.8
1153,2023-06-02,Laptop,Accessories,East,Bob,11,299,5,14754,4426,3.9
1154,2023-06-03,Laptop,Wearables,North,Diana,19,599,5,14521,5935,3.1
1155,2023-06-04,Tablet,Wearables,East,Diana,3,1299,0,46636,5157,3.4
1156,2023-06-05,Laptop,Accessories,West,Eve,12,599,15,6224,11611,4.6
1157,2023-06-06,Watch,Wearables,East,Diana,19,999,5,29190,2449,3.9
1158,2023-06-07,Headphones,Accessories,West,Diana,19,999,15,1907,2873,3.6
1159,2023-06-08,Laptop,Wearables,West,Charlie,13,199,15,8532,2362,3.8
1160,2023-06-09,Tablet,Electronics,South,Eve,7,999,20,47840,3329,4.7
1161,2023-06-10,Tablet,Wearables,West,Alice,15,599,0,18294,10408,4.5
1162,2023-06-11,Laptop,Electronics,South,Bob,7,999,15,20381,492,3.5
1163,2023-06-12,Headphones,Wearables,South,Diana,8,299,0,21256,1208,3.2
1164,2023-06-13,Laptop,Electronics,South,Bob,5,999,20,40662,4462,3.5
1165,2023-06-14,Tablet,Wearables,North,Alice,14,1299,0,29916,5288,4.8
1166,2023-06-15,Phone,Electronics,North,Bob,4,299,5,44854,8902,4.2
1167,2023-06-16,Watch,Accessories,West,Alice,10,199,15,26252,13758,4.1
1168,2023-06-17,Tablet,Accessories,South,Charlie,15,1299,0,13426,13396,4.2
1169,2023-06-18,Laptop,Electronics,North,Diana,18,599,10,34265,5157,3.7
1170,2023-06-19,Watch,Wearables,South,Alice,13,599,0,14890,11067,4.6
1171,2023-06-20,Laptop,Electronics,East,Bob,8,599,15,39367,4098,4.0
1172,2023-06-21,Laptop,Wearables,East,Diana,9,1299,20,22439,8964,3.2
1173,2023-06-22,Phone,Accessories,East,Charlie,16,1299,20,27807,6666,3.3
1174,2023-06-23,Watch,Wearables,West,Diana,19,1299,15,31328,3777,4.1
1175,2023-06-24,Watch,Accessories,South,Alice,16,299,5,29013,5896,4.9
1176,2023-06-25,Phone,Wearables,East,Charlie,7,299,5,25002,14550,3.6
1177,2023-06-26,Tablet,Wearables,North,Bob,14,599,20,30563,6463,4.7
1178,2023-06-27,Laptop,Wearables,East,Charlie,14,999,20,22986,8223,4.5
1179,2023-06-28,Headphones,Electronics,East,Charlie,4,599,15,46777,8322,3.5
1180,2023-06-29,Laptop,Electronics,East,Eve,15,199,5,38758,7790,3.1
1181,2023-06-30,Laptop,Accessories,West,Charlie,3,299,20,32192,13754,3.2
1182,2023-07-01,Tablet,Accessories,North,Charlie,5,1299,5,38884,1500,4.5
1183,2023-07-02,Laptop,Electronics,South,Diana,1,299,20,16458,13541,3.4
1184,2023-07-03,Phone,Accessories,North,Bob,3,1299,0,35516,4171,3.7
1185,2023-07-04,Phone,Electronics,South,Diana,15,199,10,17732,8908,4.0
1186,2023-07-05,Watch,Wearables,West,Diana,8,199,0,11248,12926,4.5
1187,2023-07-06,Headphones,Accessories,West,Alice,4,299,20,11014,2886,3.2
1188,2023-07-07,Laptop,Accessories,West,Diana,2,1299,10,23238,7269,3.8
1189,2023-07-08,Laptop,Electronics,West,Eve,10,199,10,9195,970,4.0
1190,2023-07-09,Tablet,Accessories,South,Eve,4,599,20,8570,4296,4.1
1191,2023-07-10,Phone,Accessories,East,Alice,3,599,20,28265,11896,4.6
1192,2023-07-11,Headphones,Wearables,South,Bob,2,1299,5,42162,9704,3.3
1193,2023-07-12,Watch,Accessories,North,Bob,17,299,20,31261,2839,4.6
1194,2023-07-13,Phone,Wearables,West,Diana,13,199,15,17198,1040,4.4
1195,2023-07-14,Watch,Electronics,West,Diana,5,299,20,15623,440,4.1
1196,2023-07-15,Tablet,Accessories,North,Diana,9,599,15,35644,11200,4.4
1197,2023-07-16,Tablet,Wearables,South,Bob,6,199,20,26116,13431,3.8
1198,2023-07-17,Laptop,Electronics,East,Charlie,5,299,5,37646,7522,3.3
1199,2023-07-18,Headphones,Accessories,East,Eve,10,999,15,11682,4233,4.3
1200,2023-07-19,Watch,Electronics,North,Charlie,8,1299,0,25333,759,4.0
1201,2023-07-20,Phone,Accessories,East,Charlie,7,1299,15,33842,10325,4.3
1202,2023-07-21,Tablet,Electronics,South,Bob,7,999,5,31831,9852,3.7
1203,2023-07-22,Laptop,Electronics,South,Charlie,6,599,15,46598,3557,4.8
1204,2023-07-23,Laptop,Wearables,North,Alice,3,199,20,26628,9948,4.2
1205,2023-07-24,Watch,Electronics,South,Diana,19,1299,20,32056,3075,3.2
1206,2023-07-25,Tablet,Accessories,West,Alice,15,999,5,22469,9341,3.9
1207,2023-07-26,Headphones,Accessories,North,Eve,4,999,10,22376,553,4.5
1208,2023-07-27,Tablet,Wearables,South,Diana,12,599,20,9449,9996,4.6
1209,2023-07-28,Watch,Accessories,North,Charlie,6,599,0,25018,8284,4.0
1210,2023-07-29,Watch,Accessories,East,Eve,19,299,5,6170,5542,4.8
1211,2023-07-30,Tablet,Accessories,South,Diana,4,1299,15,24599,11076,3.5
1212,2023-07-31,Watch,Electronics,West,Charlie,15,299,15,39835,918,3.8
1213,2023-08-01,Tablet,Electronics,South,Alice,9,999,0,13216,4968,4.8
1214,2023-08-02,Phone,Accessories,North,Diana,5,199,20,39385,112,4.8
1215,2023-08-03,Tablet,Wearables,North,Charlie,13,199,5,8337,12271,4.4
1216,2023-08-04,Tablet,Electronics,South,Alice,18,599,0,49855,7827,4.7
1217,2023-08-05,Watch,Wearables,West,Eve,5,199,20,47799,1020,3.2
1218,2023-08-06,Watch,Accessories,West,Eve,16,199,5,19659,5020,4.7
1219,2023-08-07,Laptop,Accessories,West,Eve,19,199,15,41766,2518,3.6
1220,2023-08-08,Laptop,Electronics,North,Eve,14,999,5,37377,9606,3.4
1221,2023-08-09,Phone,Accessories,South,Bob,16,199,10,22060,6575,3.5
1222,2023-08-10,Laptop,Electronics,East,Diana,15,199,5,17606,11969,3.8
1223,2023-08-11,Tablet,Accessories,North,Diana,4,199,10,46789,14696,3.5
1224,2023-08-12,Watch,Accessories,West,Bob,7,299,5,9220,2117,3.6
1225,2023-08-13,Laptop,Electronics,South,Charlie,16,999,10,38161,8057,3.3
1226,2023-08-14,Laptop,Electronics,West,Charlie,8,599,15,49995,9520,3.6
1227,2023-08-15,Phone,Electronics,East,Eve,17,299,20,28862,4892,4.1
1228,2023-08-16,Phone,Accessories,West,Alice,16,1299,10,28758,6930,3.9
1229,2023-08-17,Tablet,Accessories,West,Charlie,10,999,10,22282,13337,3.7
1230,2023-08-18,Watch,Wearables,East,Alice,10,999,15,41668,2534,4.5
1231,2023-08-19,Phone,Electronics,South,Diana,2,1299,10,21620,2968,4.8
1232,2023-08-20,Laptop,Accessories,North,Alice,9,1299,0,20290,10807,4.5
1233,2023-08-21,Watch,Accessories,South,Diana,17,1299,15,28412,1538,3.7
1234,2023-08-22,Watch,Electronics,East,Bob,11,599,0,47874,12456,4.5
1235,2023-08-23,Laptop,Wearables,West,Bob,10,199,15,43407,3643,3.3
1236,2023-08-24,Phone,Electronics,South,Eve,17,999,10,35312,11467,3.3
1237,2023-08-25,Laptop,Wearables,North,Charlie,4,199,0,36660,1881,3.7
1238,2023-08-26,Watch,Accessories,East,Eve,16,199,10,19656,6443,4.6
1239,2023-08-27,Headphones,Wearables,South,Diana,15,1299,15,11172,2363,3.5
1240,2023-08-28,Headphones,Accessories,North,Eve,5,599,10,14944,10261,3.1
1241,2023-08-29,Tablet,Electronics,East,Alice,6,299,0,7284,311,3.3
1242,2023-08-30,Laptop,Electronics,North,Diana,17,599,0,18429,8799,4.7
1243,2023-08-31,Laptop,Electronics,East,Bob,1,199,10,1570,6259,4.3
1244,2023-09-01,Tablet,Wearables,West,Charlie,19,599,5,23406,13909,3.5
1245,2023-09-02,Tablet,Accessories,South,Diana,4,1299,15,35118,7127,4.1
1246,2023-09-03,Tablet,Electronics,North,Diana,17,299,15,45658,431,4.1
1247,2023-09-04,Watch,Electronics,East,Alice,9,1299,10,3439,6960,4.3
1248,2023-09-05,Laptop,Accessories,North,Charlie,2,299,5,30341,8144,3.5
1249,2023-09-06,Watch,Electronics,North,Bob,8,199,0,43363,8269,4.7
1250,2023-09-07,Tablet,Accessories,South,Diana,15,299,20,16801,8842,3.6
1251,2023-09-08,Laptop,Accessories,West,Diana,7,299,20,7694,5820,4.4
1252,2023-09-09,Watch,Accessories,North,Alice,6,299,10,6351,9233,3.0
1253,2023-09-10,Watch,Accessories,East,Eve,1,599,5,16878,14691,3.7
1254,2023-09-11,Tablet,Accessories,East,Bob,15,599,5,1178,827,3.7
1255,2023-09-12,Laptop,Wearables,West,Charlie,7,199,15,31140,5075,4.1
1256,2023-09-13,Tablet,Electronics,East,Diana,17,299,0,34256,11154,3.1
1257,2023-09-14,Laptop,Wearables,West,Diana,2,999,5,30277,3343,4.6
1258,2023-09-15,Headphones,Electronics,East,Bob,9,199,20,26683,748,3.4
1259,2023-09-16,Phone,Wearables,South,Eve,9,299,0,27945,5195,4.4
1260,2023-09-17,Phone,Accessories,North,Diana,13,299,0,2002,13909,4.6
1261,2023-09-18,Phone,Electronics,South,Bob,6,599,10,22165,6714,4.1
1262,2023-09-19,Tablet,Electronics,North,Alice,6,199,5,16698,11029,4.5
1263,2023-09-20,Headphones,Wearables,North,Eve,3,299,10,21911,14000,4.3
1264,2023-09-21,Laptop,Wearables,North,Charlie,17,299,5,16367,11039,3.7
1265,2023-09-22,Watch,Electronics,South,Diana,17,199,15,14766,14942,4.6
1266,2023-09-23,Laptop,Wearables,North,Bob,12,999,10,39922,7235,3.6
1267,2023-09-24,Watch,Wearables,South,Alice,16,199,10,35708,1109,4.1
1268,2023-09-25,Laptop,Wearables,West,Charlie,15,199,20,43502,1650,4.5
1269,2023-09-26,Headphones,Accessories,East,Bob,13,999,10,31713,9095,3.8
1270,2023-09-27,Watch,Accessories,East,Bob,1,199,5,7867,12372,3.6
1271,2023-09-28,Tablet,Wearables,North,Charlie,17,299,20,13990,7592,3.9
1272,2023-09-29,Laptop,Wearables,South,Alice,3,199,10,35862,12601,4.6
1273,2023-09-30,Laptop,Accessories,East,Alice,15,999,10,38785,12556,4.9
1274,2023-10-01,Watch,Accessories,South,Eve,4,1299,15,9719,3501,4.1
1275,2023-10-02,Tablet,Electronics,South,Diana,4,199,10,6810,7547,4.3
1276,2023-10-03,Tablet,Electronics,North,Charlie,18,599,0,36807,13365,4.8
1277,2023-10-04,Headphones,Accessories,East,Charlie,17,299,20,30131,5524,3.2
1278,2023-10-05,Tablet,Wearables,North,Charlie,19,299,0,15244,4341,3.5
1279,2023-10-06,Tablet,Wearables,North,Alice,11,599,20,20367,14186,4.4
1280,2023-10-07,Tablet,Wearables,East,Diana,3,599,15,19125,12903,4.6
1281,2023-10-08,Phone,Wearables,East,Eve,8,199,10,6878,3261,4.7
1282,2023-10-09,Headphones,Electronics,West,Bob,14,599,10,19649,12840,3.8
1283,2023-10-10,Laptop,Accessories,West,Bob,1,1299,10,42633,4255,3.2
1284,2023-10-11,Watch,Wearables,South,Charlie,14,999,20,11922,7578,3.9
1285,2023-10-12,Laptop,Electronics,East,Diana,2,599,10,28426,8819,3.5
1286,2023-10-13,Headphones,Wearables,West,Alice,4,599,0,38179,11590,3.6
1287,2023-10-14,Watch,Accessories,South,Diana,19,1299,10,33671,9315,4.5
1288,2023-10-15,Headphones,Electronics,South,Diana,6,299,15,13680,6717,3.2
1289,2023-10-16,Tablet,Accessories,South,Alice,1,299,0,27801,5760,4.7
1290,2023-10-17,Watch,Accessories,West,Charlie,17,199,10,37431,12026,3.9
1291,2023-10-18,Tablet,Electronics,East,Diana,8,1299,10,24514,13490,4.2
1292,2023-10-19,Laptop,Electronics,North,Bob,19,999,5,49739,8724,3.2
1293,2023-10-20,Laptop,Electronics,South,Alice,1,999,20,31436,1276,3.7
1294,2023-10-21,Watch,Electronics,West,Eve,5,1299,0,14836,8056,3.2
1295,2023-10-22,Watch,Electronics,West,Charlie,16,999,5,22700,8692,4.9
1296,2023-10-23,Headphones,Electronics,North,Alice,6,299,15,5970,10396,4.6
1297,2023-10-24,Headphones,Electronics,North,Eve,8,999,20,31359,11342,3.9
1298,2023-10-25,Tablet,Wearables,West,Eve,13,999,0,15453,2333,3.4
1299,2023-10-26,Watch,Accessories,East,Diana,16,1299,10,39544,10737,4.9
1300,2023-10-27,Laptop,Electronics,North,Diana,3,1299,0,39007,4800,3.7
1301,2023-10-28,Headphones,Wearables,West,Diana,19,999,10,27933,11127,3.3
1302,2023-10-29,Headphones,Wearables,North,Alice,12,599,20,26457,14593,4.1
1303,2023-10-30,Laptop,Wearables,East,Alice,16,1299,10,7023,6006,4.9
1304,2023-10-31,Headphones,Accessories,South,Charlie,11,199,15,21887,7960,3.0
1305,2023-11-01,Tablet,Electronics,North,Diana,10,199,10,48261,7626,3.5
1306,2023-11-02,Watch,Wearables,East,Eve,4,299,15,31669,5659,4.9
1307,2023-11-03,Laptop,Accessories,West,Bob,12,999,20,46141,6832,3.3
1308,2023-11-04,Watch,Accessories,North,Charlie,2,599,20,23490,2613,3.2
1309,2023-11-05,Headphones,Accessories,North,Alice,19,299,0,30161,7930,4.1
1310,2023-11-06,Headphones,Wearables,West,Charlie,5,999,15,13919,14881,4.7
1311,2023-11-07,Laptop,Electronics,South,Charlie,8,1299,15,14957,10065,4.0
1312,2023-11-08,Tablet,Wearables,West,Charlie,7,199,5,2564,7044,5.0
1313,2023-11-09,Phone,Wearables,North,Charlie,14,599,5,38583,8010,4.4
1314,2023-11-10,Laptop,Electronics,West,Bob,3,199,5,11066,5749,3.1
1315,2023-11-11,Phone,Electronics,East,Diana,18,1299,10,33585,1196,5.0
1316,2023-11-12,Phone,Electronics,West,Eve,16,999,5,32028,9220,3.8
1317,2023-11-13,Tablet,Accessories,North,Charlie,19,1299,15,6630,2051,3.6
1318,2023-11-14,Phone,Electronics,West,Charlie,19,1299,10,40687,10265,4.1
1319,2023-11-15,Phone,Wearables,South,Charlie,18,199,20,2542,14452,3.6
1320,2023-11-16,Tablet,Electronics,West,Diana,16,599,0,5098,9846,3.2
1321,2023-11-17,Phone,Wearables,South,Alice,8,1299,5,43482,11070,3.0
1322,2023-11-18,Phone,Accessories,East,Alice,1,199,20,33386,12713,3.9
1323,2023-11-19,Phone,Wearables,South,Bob,17,599,15,33977,9286,4.7
1324,2023-11-20,Laptop,Wearables,West,Alice,12,999,0,49125,7899,4.1
1325,2023-11-21,Laptop,Electronics,North,Charlie,11,999,20,29216,8904,5.0
1326,2023-11-22,Laptop,Electronics,South,Charlie,5,299,0,13101,10885,3.6
1327,2023-11-23,Tablet,Wearables,East,Charlie,12,199,5,36518,695,3.6
1328,2023-11-24,Headphones,Electronics,South,Bob,17,599,15,8561,13308,3.3
1329,2023-11-25,Phone,Accessories,South,Charlie,6,1299,0,9109,7975,3.3
1330,2023-11-26,Phone,Accessories,South,Alice,1,999,20,35871,9133,3.6
1331,2023-11-27,Tablet,Electronics,East,Diana,5,599,5,45314,13613,4.6
1332,2023-11-28,Phone,Accessories,West,Diana,14,199,5,17985,4539,4.8
1333,2023-11-29,Laptop,Electronics,South,Eve,5,299,20,21305,6072,5.0
1334,2023-11-30,Headphones,Wearables,South,Alice,1,999,20,8357,958,3.5
1335,2023-12-01,Watch,Wearables,North,Charlie,18,599,0,12120,5619,4.8
1336,2023-12-02,Phone,Accessories,East,Diana,16,599,10,8677,7485,3.7
1337,2023-12-03,Laptop,Electronics,South,Alice,9,599,5,30611,8736,3.2
1338,2023-12-04,Watch,Electronics,East,Diana,19,199,0,23542,10080,4.7
1339,2023-12-05,Headphones,Accessories,South,Charlie,5,199,20,19145,4417,4.3
1340,2023-12-06,Watch,Wearables,West,Diana,2,199,0,24905,3554,3.3
1341,2023-12-07,Laptop,Accessories,West,Eve,15,1299,20,12326,12244,3.9
1342,2023-12-08,Watch,Wearables,South,Eve,7,599,15,14390,12979,3.6
1343,2023-12-09,Tablet,Electronics,West,Diana,4,999,20,17392,1130,4.5
1344,2023-12-10,Watch,Wearables,South,Alice,1,199,20,47098,9587,3.9
1345,2023-12-11,Phone,Accessories,West,Alice,13,199,20,9984,8006,5.0
1346,2023-12-12,Phone,Electronics,North,Alice,7,599,10,5995,13405,3.1
1347,2023-12-13,Tablet,Accessories,North,Diana,15,199,20,28981,10355,3.7
1348,2023-12-14,Laptop,Accessories,North,Alice,14,1299,5,11767,1547,4.0
1349,2023-12-15,Phone,Wearables,East,Charlie,19,1299,5,40666,10337,4.0
1350,2023-12-16,Headphones,Accessories,East,Eve,18,199,0,7243,12911,3.6
1351,2023-12-17,Phone,Wearables,North,Charlie,10,599,10,38439,2950,4.5
1352,2023-12-18,Phone,Electronics,East,Alice,9,599,0,49273,12116,4.7
1353,2023-12-19,Laptop,Wearables,West,Charlie,8,599,5,49976,10360,4.9
1354,2023-12-20,Watch,Electronics,South,Alice,10,299,5,27069,12053,4.6
1355,2023-12-21,Phone,Wearables,South,Diana,17,199,15,29052,8206,4.7
1356,2023-12-22,Tablet,Accessories,South,Charlie,2,599,20,46272,10567,4.1
1357,2023-12-23,Watch,Wearables,North,Diana,6,1299,5,44230,7251,4.7
1358,2023-12-24,Headphones,Wearables,East,Diana,5,999,0,29448,10100,3.6
1359,2023-12-25,Laptop,Electronics,West,Bob,9,999,0,11275,9603,3.8
1360,2023-12-26,Headphones,Accessories,West,Alice,5,599,20,4057,7052,3.6
1361,2023-12-27,Watch,Wearables,North,Eve,18,999,20,4087,4155,3.9
1362,2023-12-28,Watch,Accessories,West,Alice,9,999,15,17035,5502,3.6
1363,2023-12-29,Watch,Wearables,West,Eve,17,299,10,1454,10743,4.9
1364,2023-12-30,Headphones,Wearables,West,Alice,17,1299,0,47062,9381,3.6
1365,2023-12-31,Watch,Accessories,West,Diana,12,1299,20,24044,1772,3.2
1366,2024-01-01,Headphones,Wearables,East,Charlie,7,299,0,33955,11967,4.1
1367,2024-01-02,Watch,Accessories,West,Charlie,3,299,20,41769,4632,3.1
1368,2024-01-03,Tablet,Wearables,South,Bob,10,999,5,15638,5024,3.2
1369,2024-01-04,Watch,Electronics,North,Eve,2,199,0,42962,12646,3.4
1370,2024-01-05,Headphones,Accessories,East,Eve,3,999,5,3627,10295,3.9
1371,2024-01-06,Phone,Wearables,West,Eve,16,299,0,23647,6185,3.9
1372,2024-01-07,Watch,Wearables,East,Diana,2,1299,10,46028,12490,4.6
1373,2024-01-08,Phone,Electronics,West,Eve,10,999,15,12059,13380,4.5
1374,2024-01-09,Tablet,Accessories,South,Charlie,6,199,5,48064,7834,3.9
1375,2024-01-10,Laptop,Wearables,North,Diana,11,999,20,3895,4964,3.7
1376,2024-01-11,Tablet,Electronics,West,Alice,7,599,10,25889,9416,3.6
1377,2024-01-12,Watch,Wearables,West,Eve,15,999,0,1345,1321,4.5
1378,2024-01-13,Phone,Accessories,West,Eve,6,299,5,34432,2960,3.1
1379,2024-01-14,Phone,Wearables,West,Alice,9,1299,0,46222,10565,3.0
1380,2024-01-15,Headphones,Wearables,North,Eve,12,1299,0,39172,11282,4.6
1381,2024-01-16,Phone,Wearables,North,Alice,19,299,0,14231,10802,4.0
1382,2024-01-17,Headphones,Wearables,South,Diana,3,599,15,33622,8528,3.3
1383,2024-01-18,Laptop,Electronics,North,Charlie,15,299,15,36085,9436,3.5
1384,2024-01-19,Watch,Electronics,West,Alice,2,999,20,4332,14941,4.9
1385,2024-01-20,Headphones,Accessories,South,Bob,2,299,5,32832,3353,4.7
1386,2024-01-21,Laptop,Electronics,South,Alice,3,299,10,12967,3882,4.4
1387,2024-01-22,Phone,Electronics,South,Eve,6,599,10,41525,7057,4.0
1388,2024-01-23,Phone,Accessories,West,Diana,15,999,10,13607,866,4.0
1389,2024-01-24,Laptop,Electronics,East,Diana,10,199,0,12958,2781,5.0
1390,2024-01-25,Phone,Electronics,West,Alice,9,199,15,29166,7810,4.9
1391,2024-01-26,Laptop,Accessories,North,Charlie,1,1299,5,43981,7582,3.4
1392,2024-01-27,Headphones,Accessories,North,Bob,16,299,0,3081,5186,4.6
1393,2024-01-28,Headphones,Accessories,West,Diana,6,1299,15,10082,8064,3.4
1394,2024-01-29,Laptop,Wearables,West,Eve,9,599,15,8918,2765,3.4
1395,2024-01-30,Headphones,Wearables,South,Eve,4,199,5,28591,10051,4.4
1396,2024-01-31,Headphones,Accessories,West,Charlie,2,299,5,29613,14708,3.8
1397,2024-02-01,Headphones,Accessories,South,Diana,4,599,5,19327,14667,4.9
1398,2024-02-02,Tablet,Accessories,North,Alice,1,599,0,14919,11783,3.2
1399,2024-02-03,Watch,Wearables,South,Eve,19,299,20,12314,11107,4.0
1400,2024-02-04,Phone,Wearables,West,Charlie,10,599,5,34304,3613,4.8
1401,2024-02-05,Tablet,Electronics,North,Diana,15,299,20,10524,595,4.8
1402,2024-02-06,Headphones,Electronics,East,Diana,19,299,0,44200,13435,3.3
1403,2024-02-07,Laptop,Accessories,South,Diana,16,999,20,7935,11472,3.7
1404,2024-02-08,Headphones,Wearables,North,Diana,4,1299,10,2048,5922,4.2
1405,2024-02-09,Watch,Wearables,South,Diana,2,599,20,5565,14937,3.3
1406,2024-02-10,Headphones,Wearables,North,Eve,13,599,5,23380,12222,4.9
1407,2024-02-11,Laptop,Accessories,North,Charlie,1,999,0,3907,2172,4.8
1408,2024-02-12,Watch,Electronics,South,Diana,17,999,5,33907,14723,3.3
1409,2024-02-13,Headphones,Accessories,East,Bob,13,999,10,33440,7895,3.2
1410,2024-02-14,Watch,Electronics,North,Bob,4,199,5,6166,8629,3.2
1411,2024-02-15,Phone,Electronics,North,Charlie,7,199,5,37622,4049,4.8
1412,2024-02-16,Phone,Accessories,North,Alice,17,199,5,25592,6133,3.4
1413,2024-02-17,Headphones,Electronics,East,Alice,9,299,15,10609,11400,3.8
1414,2024-02-18,Watch,Electronics,East,Alice,4,599,10,36154,10109,3.9
1415,2024-02-19,Laptop,Wearables,West,Bob,19,1299,5,35432,8428,4.2
1416,2024-02-20,Headphones,Electronics,South,Alice,1,299,5,27005,2655,3.1
1417,2024-02-21,Phone,Accessories,East,Eve,10,599,5,37213,6470,3.5
1418,2024-02-22,Phone,Accessories,South,Diana,4,599,0,43669,4515,4.9
1419,2024-02-23,Headphones,Electronics,West,Bob,9,999,15,8246,6059,4.8
1420,2024-02-24,Watch,Wearables,South,Charlie,13,999,0,12475,9207,4.6
1421,2024-02-25,Phone,Wearables,East,Charlie,14,299,15,41022,13593,3.0
1422,2024-02-26,Watch,Electronics,South,Diana,10,999,5,16096,6093,3.7
1423,2024-02-27,Phone,Electronics,East,Bob,6,599,10,38453,14521,4.3
1424,2024-02-28,Phone,Accessories,South,Alice,16,999,20,34361,11830,3.6
1425,2024-02-29,Tablet,Electronics,East,Alice,6,199,20,4380,5121,4.8
1426,2024-03-01,Phone,Wearables,East,Eve,17,999,5,43954,10392,4.3
1427,2024-03-02,Laptop,Electronics,South,Eve,10,599,0,44039,3007,3.1
1428,2024-03-03,Headphones,Accessories,West,Alice,18,299,10,43948,3014,4.8
1429,2024-03-04,Headphones,Accessories,North,Charlie,18,1299,15,3285,13646,4.9
1430,2024-03-05,Watch,Accessories,West,Charlie,3,999,5,22949,10274,3.2
1431,2024-03-06,Phone,Accessories,South,Eve,15,599,10,15299,3970,4.1
1432,2024-03-07,Laptop,Accessories,West,Diana,15,1299,10,49548,12820,3.6
1433,2024-03-08,Watch,Electronics,East,Alice,4,1299,15,39807,11859,3.8
1434,2024-03-09,Tablet,Electronics,North,Eve,9,199,10,49284,9290,3.4
1435,2024-03-10,Watch,Electronics,South,Eve,19,1299,0,47998,10439,4.2
1436,2024-03-11,Watch,Electronics,South,Alice,17,599,0,43833,5185,4.9
1437,2024-03-12,Phone,Accessories,South,Alice,11,599,0,41328,12986,4.0
1438,2024-03-13,Tablet,Wearables,North,Charlie,9,999,10,4490,6646,3.2
1439,2024-03-14,Watch,Electronics,East,Diana,10,999,0,19573,495,4.2
1440,2024-03-15,Laptop,Wearables,South,Diana,18,999,15,37363,11890,3.7
1441,2024-03-16,Laptop,Electronics,West,Alice,13,1299,10,15049,12802,4.7
1442,2024-03-17,Headphones,Electronics,South,Bob,8,1299,20,18759,1038,3.9
1443,2024-03-18,Tablet,Wearables,South,Eve,7,199,10,20290,9928,3.4
1444,2024-03-19,Tablet,Accessories,South,Eve,17,999,15,10479,11016,3.4
1445,2024-03-20,Headphones,Electronics,South,Alice,15,299,20,20816,2610,4.5
1446,2024-03-21,Watch,Electronics,East,Bob,15,199,10,26683,4736,3.5
1447,2024-03-22,Tablet,Electronics,West,Charlie,1,299,0,28824,1749,4.5
1448,2024-03-23,Laptop,Wearables,East,Alice,14,1299,5,25124,3790,3.4
1449,2024-03-24,Laptop,Accessories,West,Alice,5,199,5,38676,14333,3.6
1450,2024-03-25,Phone,Wearables,South,Eve,11,199,0,20745,3535,3.9
1451,2024-03-26,Tablet,Wearables,North,Alice,16,599,5,47205,3301,4.9
1452,2024-03-27,Watch,Accessories,East,Alice,2,1299,5,24290,4279,4.9
1453,2024-03-28,Headphones,Wearables,North,Alice,8,1299,0,27256,12658,3.4
1454,2024-03-29,Headphones,Accessories,East,Eve,11,199,0,3333,10583,3.7
1455,2024-03-30,Watch,Electronics,South,Charlie,18,1299,10,5785,12775,3.3
1456,2024-03-31,Phone,Accessories,East,Charlie,3,199,10,10089,8505,4.0
1457,2024-04-01,Headphones,Electronics,South,Alice,1,599,0,47976,3337,3.9
1458,2024-04-02,Tablet,Wearables,East,Eve,11,199,15,14616,3962,4.8
1459,2024-04-03,Phone,Wearables,South,Charlie,16,1299,5,8145,158,4.9
1460,2024-04-04,Tablet,Electronics,South,Charlie,18,1299,10,45286,14013,3.8
1461,2024-04-05,Laptop,Wearables,West,Charlie,16,199,5,29650,11222,4.0
1462,2024-04-06,Phone,Accessories,South,Eve,10,199,20,11389,5038,4.8
1463,2024-04-07,Headphones,Electronics,West,Eve,18,199,0,30786,3071,4.6
1464,2024-04-08,Phone,Wearables,South,Alice,6,999,15,38045,9819,3.0
1465,2024-04-09,Phone,Electronics,North,Diana,19,1299,20,16494,14117,3.6
1466,2024-04-10,Phone,Accessories,South,Charlie,4,1299,20,36003,8414,3.8
1467,2024-04-11,Phone,Accessories,North,Diana,13,999,20,46879,12011,3.5
1468,2024-04-12,Tablet,Wearables,North,Eve,14,199,0,25162,9728,3.4
1469,2024-04-13,Laptop,Accessories,South,Eve,3,599,10,39636,9454,3.1
1470,2024-04-14,Watch,Electronics,North,Eve,10,199,0,27139,11592,4.3
1471,2024-04-15,Phone,Accessories,West,Diana,6,199,10,17705,3445,3.5
1472,2024-04-16,Headphones,Electronics,East,Eve,1,999,20,33430,2586,3.1
1473,2024-04-17,Phone,Electronics,South,Alice,14,1299,20,8277,661,3.5
1474,2024-04-18,Headphones,Accessories,North,Eve,8,199,15,28815,4081,4.6
1475,2024-04-19,Tablet,Wearables,South,Bob,19,1299,10,48117,6361,4.7
1476,2024-04-20,Headphones,Accessories,West,Diana,14,299,20,27473,1837,4.0
1477,2024-04-21,Watch,Electronics,South,Bob,10,1299,5,18816,9196,3.8
1478,2024-04-22,Laptop,Electronics,South,Eve,17,599,15,27804,3654,5.0
1479,2024-04-23,Headphones,Accessories,North,Alice,9,599,0,36803,12782,3.4
1480,2024-04-24,Headphones,Wearables,West,Charlie,6,199,15,31022,10018,3.4
1481,2024-04-25,Laptop,Wearables,East,Eve,11,1299,5,22840,11215,3.6
1482,2024-04-26,Watch,Electronics,East,Alice,7,199,10,20330,11823,3.3
1483,2024-04-27,Phone,Electronics,North,Diana,17,999,0,13903,12198,3.8
1484,2024-04-28,Headphones,Wearables,South,Bob,1,599,0,15016,14104,4.8
1485,2024-04-29,Laptop,Accessories,North,Bob,5,199,10,19591,9226,4.2
1486,2024-04-30,Tablet,Electronics,North,Bob,9,999,15,8459,13489,3.8
1487,2024-05-01,Laptop,Electronics,North,Diana,18,199,20,32432,7195,4.9
1488,2024-05-02,Tablet,Wearables,South,Alice,2,1299,15,31054,13823,3.1
1489,2024-05-03,Watch,Accessories,West,Diana,11,1299,5,37201,8366,3.4
1490,2024-05-04,Phone,Wearables,North,Bob,6,1299,20,3885,394,4.1
1491,2024-05-05,Laptop,Accessories,South,Eve,8,1299,15,34190,8312,4.2
1492,2024-05-06,Headphones,Accessories,West,Charlie,4,299,10,10867,11534,3.1
1493,2024-05-07,Watch,Accessories,North,Diana,18,999,5,47005,9330,3.8
1494,2024-05-08,Laptop,Electronics,East,Diana,11,999,5,33832,5430,4.3
1495,2024-05-09,Headphones,Wearables,West,Alice,5,1299,5,20142,4755,4.4
1496,2024-05-10,Laptop,Wearables,North,Alice,15,299,20,11289,1209,4.3
1497,2024-05-11,Tablet,Accessories,West,Diana,18,1299,0,35768,13560,3.6
1498,2024-05-12,Laptop,Electronics,West,Bob,2,299,20,21450,3871,3.2
1499,2024-05-13,Laptop,Electronics,West,Charlie,11,1299,15,26063,8663,3.9
1500,2024-05-14,Laptop,Wearables,West,Alice,13,599,0,40149,6223,3.3
1501,2024-05-15,Watch,Electronics,West,Bob,4,599,15,36904,7747,4.9
1502,2024-05-16,Laptop,Electronics,West,Eve,7,199,0,33491,13205,4.0
1503,2024-05-17,Headphones,Accessories,North,Alice,11,1299,20,39565,1274,3.6
1504,2024-05-18,Tablet,Electronics,East,Bob,4,999,5,48163,1264,4.5
1505,2024-05-19,Tablet,Accessories,South,Bob,15,199,10,850,9384,4.0
1506,2024-05-20,Laptop,Wearables,West,Charlie,1,599,5,18812,9575,3.6
1507,2024-05-21,Watch,Electronics,South,Charlie,3,1299,20,24627,10303,4.6
1508,2024-05-22,Watch,Wearables,North,Eve,14,199,0,29353,9137,4.7
1509,2024-05-23,Headphones,Wearables,West,Bob,6,1299,5,38000,10283,4.3
1510,2024-05-24,Laptop,Electronics,East,Bob,18,599,20,34285,8812,3.1
1511,2024-05-25,Tablet,Electronics,South,Charlie,1,199,15,19110,4566,4.1
1512,2024-05-26,Watch,Wearables,West,Alice,6,599,10,24090,5638,4.5
1513,2024-05-27,Laptop,Electronics,North,Alice,6,299,5,29943,12488,3.3
1514,2024-05-28,Watch,Accessories,East,Diana,16,599,0,48497,13048,3.5
1515,2024-05-29,Watch,Accessories,South,Charlie,5,1299,15,7670,14069,4.8
1516,2024-05-30,Tablet,Electronics,South,Diana,17,999,20,13803,7211,3.0
1517,2024-05-31,Phone,Wearables,West,Charlie,10,599,10,6707,8534,4.5
1518,2024-06-01,Headphones,Electronics,East,Eve,18,999,0,12816,2900,3.9
1519,2024-06-02,Headphones,Electronics,East,Bob,7,299,20,35687,4707,3.9
1520,2024-06-03,Tablet,Wearables,East,Eve,3,199,20,6740,11188,3.0
1521,2024-06-04,Watch,Wearables,East,Charlie,13,199,5,2393,10894,4.6
1522,2024-06-05,Laptop,Accessories,North,Bob,15,999,5,14253,7362,3.7
1523,2024-06-06,Watch,Wearables,East,Alice,19,199,0,38590,10565,4.1
1524,2024-06-07,Tablet,Accessories,South,Alice,3,599,20,11732,1641,4.4
1525,2024-06-08,Headphones,Wearables,South,Diana,4,999,5,18009,14649,4.4
1526,2024-06-09,Watch,Electronics,North,Charlie,5,1299,10,3617,2865,4.9
1527,2024-06-10,Headphones,Accessories,South,Charlie,1,599,10,37429,10406,4.1
1528,2024-06-11,Laptop,Accessories,South,Alice,4,599,20,48791,4591,3.8
1529,2024-06-12,Headphones,Accessories,East,Eve,12,599,5,4542,12999,4.9
1530,2024-06-13,Headphones,Electronics,South,Bob,10,1299,0,37701,3183,4.3
1531,2024-06-14,Phone,Electronics,North,Eve,13,299,0,27246,5456,3.6
1532,2024-06-15,Phone,Electronics,East,Eve,14,199,0,14516,1957,3.3
1533,2024-06-16,Phone,Electronics,West,Alice,5,999,10,25522,869,4.7
1534,2024-06-17,Headphones,Electronics,East,Alice,4,299,5,35926,1522,3.7
1535,2024-06-18,Tablet,Accessories,North,Alice,14,999,5,28438,8698,4.3
1536,2024-06-19,Headphones,Electronics,East,Diana,10,199,10,44178,3072,3.9
1537,2024-06-20,Tablet,Accessories,East,Eve,17,1299,0,36212,1972,3.4
1538,2024-06-21,Tablet,Electronics,North,Charlie,10,599,0,40478,5699,4.2
1539,2024-06-22,Phone,Wearables,East,Bob,7,599,20,9287,10986,3.1
1540,2024-06-23,Watch,Accessories,North,Diana,16,1299,15,2486,2369,3.8
1541,2024-06-24,Laptop,Wearables,North,Charlie,1,299,5,11442,5375,4.1
1542,2024-06-25,Phone,Accessories,West,Eve,17,299,5,17958,4849,3.9
1543,2024-06-26,Phone,Wearables,South,Alice,9,999,5,12661,6671,4.5
1544,2024-06-27,Watch,Electronics,South,Eve,6,1299,15,21189,9473,4.7
1545,2024-06-28,Laptop,Electronics,East,Bob,19,299,20,29663,5172,4.5
1546,2024-06-29,Headphones,Electronics,East,Diana,13,1299,15,36275,9731,3.1
1547,2024-06-30,Headphones,Accessories,West,Diana,3,199,0,34237,11345,3.4
1548,2024-07-01,Phone,Wearables,West,Bob,7,599,0,9272,14806,4.1
1549,2024-07-02,Laptop,Electronics,West,Charlie,9,599,5,36092,5563,4.9
1550,2024-07-03,Phone,Wearables,North,Charlie,5,599,10,1711,11625,4.7
1551,2024-07-04,Tablet,Wearables,West,Diana,10,1299,5,729,7550,4.7
1552,2024-07-05,Phone,Electronics,West,Diana,17,1299,10,49042,11189,3.6
1553,2024-07-06,Phone,Electronics,East,Alice,12,999,15,14845,11195,3.9
1554,2024-07-07,Headphones,Wearables,West,Charlie,16,599,0,36453,8520,3.9
1555,2024-07-08,Headphones,Electronics,North,Bob,3,999,10,32319,4059,3.3
1556,2024-07-09,Headphones,Electronics,North,Charlie,9,599,15,48279,14715,3.1
1557,2024-07-10,Tablet,Electronics,East,Alice,15,999,0,17385,10185,4.9
1558,2024-07-11,Headphones,Accessories,West,Diana,5,999,10,27208,1413,3.5
1559,2024-07-12,Laptop,Wearables,West,Diana,13,199,5,548,7947,3.5
1560,2024-07-13,Watch,Wearables,North,Alice,14,999,5,20450,1170,3.2
1561,2024-07-14,Laptop,Accessories,West,Bob,15,1299,5,15673,9266,4.9
1562,2024-07-15,Laptop,Wearables,West,Diana,16,999,15,34237,10030,4.2
1563,2024-07-16,Headphones,Electronics,West,Eve,13,599,5,28536,3385,4.3
1564,2024-07-17,Watch,Wearables,South,Diana,17,999,20,47821,9049,4.8
1565,2024-07-18,Watch,Electronics,East,Eve,8,299,0,6320,3195,3.7
1566,2024-07-19,Watch,Accessories,South,Alice,2,599,15,14792,420,4.2
1567,2024-07-20,Tablet,Electronics,East,Alice,5,299,5,3552,2421,3.1
1568,2024-07-21,Headphones,Wearables,North,Diana,6,599,0,44877,655,3.4
1569,2024-07-22,Watch,Wearables,West,Charlie,12,1299,10,24281,5039,4.7
1570,2024-07-23,Tablet,Wearables,East,Eve,18,1299,5,2802,5532,4.5
1571,2024-07-24,Phone,Accessories,South,Bob,1,1299,0,2783,1486,3.7
1572,2024-07-25,Phone,Accessories,West,Diana,17,299,20,48653,4863,3.8
1573,2024-07-26,Tablet,Wearables,North,Bob,11,199,10,43067,11339,4.1
1574,2024-07-27,Tablet,Electronics,East,Diana,10,599,20,16120,10719,3.0
1575,2024-07-28,Headphones,Accessories,East,Charlie,19,1299,0,30961,6954,3.5
1576,2024-07-29,Headphones,Wearables,East,Charlie,14,599,20,21250,14330,3.4
1577,2024-07-30,Phone,Wearables,West,Charlie,10,299,0,33390,10296,3.5
1578,2024-07-31,Watch,Accessories,South,Charlie,15,199,0,23683,10222,4.6
1579,2024-08-01,Phone,Accessories,South,Alice,19,299,20,9972,7737,3.6
1580,2024-08-02,Watch,Accessories,East,Alice,4,599,0,4227,4941,3.4
1581,2024-08-03,Watch,Electronics,North,Eve,2,199,5,47000,13062,4.0
1582,2024-08-04,Headphones,Electronics,North,Bob,9,199,0,26023,10455,4.7
1583,2024-08-05,Laptop,Wearables,South,Diana,10,299,15,31266,13453,3.5
1584,2024-08-06,Laptop,Accessories,North,Diana,11,1299,0,38226,3967,3.2
1585,2024-08-07,Tablet,Electronics,South,Alice,14,599,15,1024,10718,3.7
1586,2024-08-08,Headphones,Accessories,East,Diana,7,999,0,9579,3893,4.5
1587,2024-08-09,Watch,Wearables,South,Alice,15,999,0,8899,7473,4.1
1588,2024-08-10,Laptop,Electronics,South,Eve,19,299,20,27870,2613,4.6
1589,2024-08-11,Watch,Electronics,East,Bob,15,599,5,17032,3903,4.9
1590,2024-08-12,Laptop,Electronics,North,Eve,8,599,5,17321,2427,4.6
1591,2024-08-13,Laptop,Wearables,South,Charlie,11,299,10,43662,8909,4.2
1592,2024-08-14,Laptop,Accessories,South,Charlie,9,599,20,4249,2265,4.0
1593,2024-08-15,Headphones,Electronics,East,Charlie,15,1299,20,11853,3408,3.1
1594,2024-08-16,Phone,Wearables,North,Eve,1,299,5,47277,6552,5.0
1595,2024-08-17,Watch,Accessories,South,Diana,1,1299,20,28977,8167,3.8
1596,2024-08-18,Headphones,Wearables,East,Bob,19,599,5,25070,7742,3.3
1597,2024-08-19,Headphones,Accessories,South,Charlie,3,299,20,21337,14535,4.3
1598,2024-08-20,Headphones,Wearables,West,Charlie,10,599,0,11937,6504,3.6
1599,2024-08-21,Headphones,Accessories,East,Charlie,8,299,5,38604,1092,4.2
1600,2024-08-22,Headphones,Electronics,North,Bob,15,599,5,5051,5524,4.2
1601,2024-08-23,Tablet,Accessories,North,Charlie,10,1299,15,3323,9669,3.9
1602,2024-08-24,Watch,Wearables,North,Bob,1,1299,20,13416,4481,4.7
1603,2024-08-25,Headphones,Wearables,North,Charlie,18,599,20,15667,14763,3.5
1604,2024-08-26,Watch,Accessories,South,Eve,2,299,5,41945,3274,3.9
1605,2024-08-27,Tablet,Electronics,South,Eve,19,999,0,48136,14498,4.1
1606,2024-08-28,Tablet,Electronics,North,Bob,13,1299,0,8891,4882,4.3
1607,2024-08-29,Watch,Accessories,North,Eve,1,1299,0,13158,9597,4.6
1608,2024-08-30,Laptop,Accessories,North,Bob,2,999,20,30185,5660,3.8
1609,2024-08-31,Phone,Wearables,South,Eve,16,599,15,23880,7560,4.3
1610,2024-09-01,Laptop,Electronics,North,Eve,15,299,5,42931,13125,3.3
1611,2024-09-02,Laptop,Accessories,North,Bob,13,599,10,29419,3178,4.9
1612,2024-09-03,Laptop,Electronics,West,Diana,16,199,15,2811,10978,3.8
1613,2024-09-04,Headphones,Accessories,West,Eve,17,1299,10,40493,3083,4.5
1614,2024-09-05,Tablet,Accessories,North,Charlie,7,199,15,44833,7359,3.0
1615,2024-09-06,Laptop,Electronics,East,Diana,17,1299,0,43538,6154,3.4
1616,2024-09-07,Tablet,Accessories,North,Bob,7,1299,20,14060,14282,4.0
1617,2024-09-08,Watch,Accessories,West,Diana,13,199,10,49233,2623,4.8
1618,2024-09-09,Phone,Wearables,East,Alice,5,199,15,39053,11874,4.1
1619,2024-09-10,Watch,Accessories,East,Alice,17,599,20,26493,9777,4.9
1620,2024-09-11,Watch,Accessories,North,Eve,3,199,10,30992,10392,4.0
1621,2024-09-12,Headphones,Accessories,West,Eve,7,599,5,21481,4681,4.0
1622,2024-09-13,Phone,Wearables,West,Charlie,17,599,15,24643,12007,3.2
1623,2024-09-14,Watch,Electronics,East,Diana,7,599,5,12567,5709,4.6
1624,2024-09-15,Watch,Wearables,North,Alice,1,1299,0,24416,2101,3.5
1625,2024-09-16,Phone,Wearables,South,Eve,17,1299,5,42008,1487,4.8
1626,2024-09-17,Phone,Electronics,South,Diana,17,199,5,46921,11475,4.8
1627,2024-09-18,Watch,Wearables,West,Eve,11,1299,15,4315,6652,4.9
1628,2024-09-19,Phone,Electronics,South,Eve,3,199,0,32336,1130,4.0
1629,2024-09-20,Watch,Wearables,West,Alice,15,1299,5,37977,10057,4.4
1630,2024-09-21,Watch,Electronics,West,Alice,11,299,20,37775,13055,4.6
1631,2024-09-22,Headphones,Accessories,West,Eve,16,299,10,39843,1320,3.3
1632,2024-09-23,Laptop,Wearables,South,Bob,9,199,5,5273,13222,4.2
1633,2024-09-24,Watch,Wearables,West,Eve,1,1299,0,12946,13263,3.1
1634,2024-09-25,Tablet,Wearables,East,Eve,16,1299,5,31233,12098,4.0
1635,2024-09-26,Laptop,Wearables,North,Charlie,9,599,10,10964,10706,3.3
1636,2024-09-27,Laptop,Accessories,North,Charlie,19,999,0,49132,13389,3.4
1637,2024-09-28,Laptop,Wearables,West,Charlie,12,199,15,22076,12637,3.7
1638,2024-09-29,Headphones,Accessories,North,Bob,19,999,0,3820,6135,3.9
1639,2024-09-30,Watch,Accessories,South,Bob,9,999,15,11250,9910,4.2
1640,2024-10-01,Headphones,Accessories,South,Eve,7,199,0,37966,9555,3.1
1641,2024-10-02,Watch,Accessories,North,Charlie,14,1299,10,27072,6623,4.0
1642,2024-10-03,Headphones,Electronics,South,Bob,19,199,10,18448,8174,3.4
1643,2024-10-04,Headphones,Electronics,North,Alice,19,999,0,39326,9163,4.1
1644,2024-10-05,Tablet,Wearables,North,Eve,2,1299,5,24015,934,4.3
1645,2024-10-06,Headphones,Electronics,North,Diana,9,299,10,28367,11114,4.1
1646,2024-10-07,Phone,Electronics,West,Eve,13,199,15,1226,9210,4.5
1647,2024-10-08,Tablet,Wearables,North,Diana,15,199,15,26320,1824,3.7
1648,2024-10-09,Headphones,Wearables,West,Charlie,3,1299,20,7197,6698,4.5
1649,2024-10-10,Laptop,Wearables,North,Diana,11,299,15,45178,2513,3.9
1650,2024-10-11,Phone,Electronics,North,Charlie,14,299,20,42525,9605,4.0
1651,2024-10-12,Phone,Electronics,North,Alice,8,1299,0,13463,6093,4.3
1652,2024-10-13,Phone,Wearables,South,Diana,18,599,0,49934,4598,3.0
1653,2024-10-14,Tablet,Accessories,West,Eve,19,199,0,1581,2205,4.3
1654,2024-10-15,Headphones,Wearables,West,Charlie,16,199,5,20769,2668,4.2
1655,2024-10-16,Headphones,Accessories,North,Eve,2,999,5,11276,13715,3.6
1656,2024-10-17,Laptop,Accessories,North,Bob,8,1299,20,32316,9430,3.2
1657,2024-10-18,Laptop,Wearables,South,Charlie,6,999,15,14696,309,3.2
1658,2024-10-19,Phone,Wearables,South,Diana,12,999,15,42612,9356,4.8
1659,2024-10-20,Laptop,Wearables,South,Charlie,15,299,0,16458,5011,4.4
1660,2024-10-21,Tablet,Electronics,West,Eve,8,199,10,23869,2320,3.3
1661,2024-10-22,Headphones,Accessories,West,Alice,4,999,5,12189,333,3.7
1662,2024-10-23,Phone,Electronics,West,Charlie,15,299,5,17831,892,4.2
1663,2024-10-24,Laptop,Electronics,North,Diana,17,1299,0,38028,14295,4.7
1664,2024-10-25,Tablet,Wearables,West,Bob,13,999,5,13936,14001,3.1
1665,2024-10-26,Tablet,Electronics,East,Alice,18,199,0,566,3210,3.5
1666,2024-10-27,Laptop,Wearables,East,Bob,2,999,20,31225,2266,4.8
1667,2024-10-28,Headphones,Accessories,South,Charlie,13,1299,15,25712,8626,3.0
1668,2024-10-29,Laptop,Wearables,West,Eve,13,999,10,33832,9651,3.4
1669,2024-10-30,Phone,Electronics,East,Eve,15,199,15,25901,14027,4.9
1670,2024-10-31,Laptop,Electronics,South,Diana,10,299,15,13893,5293,4.2
1671,2024-11-01,Tablet,Wearables,West,Eve,3,199,20,4170,1314,3.5
1672,2024-11-02,Laptop,Wearables,North,Alice,19,299,5,26101,4519,3.1
1673,2024-11-03,Headphones,Electronics,East,Eve,3,599,10,2751,7414,3.1
1674,2024-11-04,Watch,Accessories,North,Diana,14,199,5,46217,14178,3.5
1675,2024-11-05,Laptop,Accessories,West,Charlie,8,199,15,34072,8575,4.8
1676,2024-11-06,Headphones,Wearables,East,Charlie,4,1299,0,27527,312,3.8
1677,2024-11-07,Headphones,Accessories,West,Eve,11,999,15,32346,1758,4.4
1678,2024-11-08,Tablet,Electronics,North,Bob,11,299,5,21515,12370,4.8
1679,2024-11-09,Headphones,Wearables,East,Charlie,11,299,15,10083,14129,3.8
1680,2024-11-10,Headphones,Electronics,North,Eve,2,1299,0,23604,5124,3.4
1681,2024-11-11,Headphones,Electronics,West,Diana,17,1299,20,12724,13139,4.0
1682,2024-11-12,Headphones,Accessories,West,Eve,9,999,5,39284,9709,4.8
1683,2024-11-13,Phone,Wearables,North,Charlie,2,999,15,31336,10678,4.6
1684,2024-11-14,Phone,Wearables,East,Diana,15,199,5,29799,6017,3.1
1685,2024-11-15,Tablet,Accessories,North,Eve,16,599,20,13536,5241,4.4
1686,2024-11-16,Laptop,Electronics,West,Alice,4,999,15,20433,1894,4.1
1687,2024-11-17,Headphones,Electronics,North,Diana,8,1299,15,12892,6088,4.8
1688,2024-11-18,Laptop,Electronics,West,Alice,9,999,5,8438,8396,3.2
1689,2024-11-19,Laptop,Electronics,North,Bob,5,299,5,4641,13877,4.1
1690,2024-11-20,Tablet,Wearables,East,Diana,16,599,0,23850,5678,4.8
1691,2024-11-21,Headphones,Wearables,East,Alice,13,199,20,10046,5651,3.8
1692,2024-11-22,Headphones,Accessories,North,Charlie,7,299,0,5835,13157,4.0
1693,2024-11-23,Watch,Accessories,North,Charlie,17,299,15,5577,12185,3.1
1694,2024-11-24,Laptop,Wearables,East,Bob,3,599,5,46515,3945,3.6
1695,2024-11-25,Laptop,Wearables,West,Diana,5,199,15,6111,11982,3.6
1696,2024-11-26,Phone,Electronics,East,Diana,19,1299,15,41357,7006,4.9
1697,2024-11-27,Watch,Electronics,West,Diana,12,199,10,36160,14347,3.6
1698,2024-11-28,Phone,Accessories,North,Bob,7,999,10,6077,14415,3.9
1699,2024-11-29,Phone,Wearables,North,Diana,9,299,15,20502,11584,4.3
1700,2024-11-30,Phone,Accessories,West,Charlie,6,999,5,39951,478,3.3
1701,2024-12-01,Tablet,Wearables,North,Alice,17,1299,15,34775,3393,4.0
1702,2024-12-02,Tablet,Electronics,West,Charlie,16,999,10,49603,3429,4.5
1703,2024-12-03,Phone,Accessories,South,Charlie,3,199,5,29147,4908,4.7
1704,2024-12-04,Watch,Accessories,East,Alice,4,999,15,35331,11730,4.3
1705,2024-12-05,Laptop,Wearables,South,Charlie,10,1299,20,35268,8037,4.3
1706,2024-12-06,Watch,Electronics,West,Bob,5,1299,20,31462,13760,3.3
1707,2024-12-07,Headphones,Accessories,East,Alice,10,1299,15,48834,324,4.9
1708,2024-12-08,Tablet,Electronics,West,Charlie,12,199,5,30083,14125,3.3
1709,2024-12-09,Laptop,Accessories,East,Eve,10,1299,15,1794,837,4.5
1710,2024-12-10,Laptop,Electronics,East,Charlie,13,299,15,15596,335,3.5
1711,2024-12-11,Headphones,Wearables,East,Bob,11,1299,10,37333,12570,4.9
1712,2024-12-12,Headphones,Accessories,East,Diana,16,999,20,47358,811,4.4
1713,2024-12-13,Phone,Accessories,West,Charlie,8,999,10,27828,6088,4.5
1714,2024-12-14,Tablet,Electronics,East,Diana,8,999,10,24898,14879,3.4
1715,2024-12-15,Tablet,Electronics,East,Eve,8,199,15,18206,1988,3.9
1716,2024-12-16,Watch,Accessories,South,Charlie,13,999,10,22840,13010,4.2
1717,2024-12-17,Phone,Wearables,North,Alice,2,199,20,19325,7273,4.5
1718,2024-12-18,Phone,Electronics,North,Diana,12,199,10,17982,1359,3.2
1719,2024-12-19,Phone,Electronics,South,Eve,10,1299,20,9818,5346,4.9
1720,2024-12-20,Phone,Electronics,South,Alice,12,299,10,41756,7371,4.8
1721,2024-12-21,Tablet,Accessories,West,Alice,11,1299,20,44509,848,3.5
1722,2024-12-22,Tablet,Accessories,West,Alice,15,1299,10,43685,12278,4.6
1723,2024-12-23,Phone,Accessories,West,Alice,16,199,10,16074,3651,4.0
1724,2024-12-24,Watch,Accessories,South,Charlie,17,199,5,48570,14590,3.9
1725,2024-12-25,Laptop,Wearables,South,Charlie,2,999,20,15150,6500,3.6
1726,2024-12-26,Laptop,Wearables,East,Charlie,18,999,20,46618,14670,4.2
1727,2024-12-27,Watch,Accessories,West,Eve,12,1299,20,29430,6743,4.5
1728,2024-12-28,Phone,Wearables,West,Eve,19,599,0,20671,14724,3.8
1729,2024-12-29,Tablet,Electronics,West,Eve,18,599,10,35364,8801,4.3
1730,2024-12-30,Laptop,Electronics,North,Bob,17,999,20,12301,13963,4.4
1731,2024-12-31,Headphones,Electronics,East,Eve,6,599,0,22872,1923,4.4
1732,2025-01-01,Headphones,Accessories,West,Charlie,15,999,5,17059,6952,3.1
1733,2025-01-02,Watch,Electronics,West,Charlie,3,199,20,32834,13172,4.7
1734,2025-01-03,Phone,Wearables,West,Bob,6,1299,20,40437,11233,3.9
1735,2025-01-04,Laptop,Accessories,North,Bob,3,299,0,13788,14733,3.5
1736,2025-01-05,Phone,Wearables,North,Eve,1,1299,10,22898,7877,3.5
1737,2025-01-06,Laptop,Electronics,South,Diana,13,999,5,11194,4332,4.0
1738,2025-01-07,Watch,Electronics,East,Bob,14,999,20,12691,6619,4.8
1739,2025-01-08,Watch,Electronics,South,Alice,13,1299,10,18551,10426,3.8
1740,2025-01-09,Headphones,Accessories,East,Charlie,4,999,5,11237,1877,4.5
1741,2025-01-10,Phone,Wearables,North,Alice,7,599,15,25751,1322,3.2
1742,2025-01-11,Headphones,Accessories,West,Charlie,10,599,15,5647,7730,4.0
1743,2025-01-12,Phone,Accessories,South,Charlie,7,999,5,20143,14872,5.0
1744,2025-01-13,Headphones,Electronics,West,Bob,15,999,0,39467,13721,4.5
1745,2025-01-14,Tablet,Accessories,South,Bob,15,599,5,33814,11959,3.4
1746,2025-01-15,Tablet,Accessories,North,Alice,4,999,5,38499,1877,4.0
1747,2025-01-16,Tablet,Electronics,North,Charlie,6,999,0,41233,9596,3.5
1748,2025-01-17,Tablet,Accessories,North,Alice,5,1299,0,18967,7590,3.8
1749,2025-01-18,Laptop,Electronics,South,Diana,12,299,10,35308,4959,4.6
1750,2025-01-19,Tablet,Electronics,East,Alice,1,599,10,2252,8993,4.5
1751,2025-01-20,Watch,Electronics,South,Eve,8,1299,0,2349,8218,3.5
1752,2025-01-21,Watch,Electronics,East,Alice,1,299,15,3142,3089,4.8
1753,2025-01-22,Laptop,Accessories,South,Eve,5,999,15,2100,8443,4.2
1754,2025-01-23,Tablet,Electronics,South,Eve,6,999,5,47219,1425,3.8
1755,2025-01-24,Tablet,Electronics,North,Eve,3,1299,20,21286,9593,4.0
1756,2025-01-25,Tablet,Accessories,West,Diana,15,999,5,45065,12014,4.2
1757,2025-01-26,Headphones,Accessories,West,Alice,5,199,5,20683,10003,4.1
1758,2025-01-27,Phone,Wearables,East,Alice,14,1299,20,1632,5227,4.0
1759,2025-01-28,Headphones,Accessories,West,Diana,18,299,0,38759,9098,4.0
1760,2025-01-29,Phone,Accessories,South,Charlie,16,1299,15,31576,12622,3.4
1761,2025-01-30,Tablet,Wearables,South,Bob,6,599,5,39063,2822,4.6
1762,2025-01-31,Tablet,Accessories,North,Alice,14,1299,20,27191,4756,4.1
1763,2025-02-01,Headphones,Accessories,North,Bob,8,999,10,43799,1425,3.3
1764,2025-02-02,Headphones,Accessories,West,Diana,7,999,5,11431,4233,4.5
1765,2025-02-03,Phone,Accessories,East,Charlie,8,199,15,8133,9451,4.9
1766,2025-02-04,Watch,Wearables,West,Charlie,13,199,0,38277,2969,4.9
1767,2025-02-05,Phone,Accessories,West,Charlie,6,199,5,35381,12808,3.7
1768,2025-02-06,Headphones,Accessories,West,Diana,18,299,5,1544,1342,3.3
1769,2025-02-07,Headphones,Wearables,West,Eve,2,199,20,47191,8639,4.0
1770,2025-02-08,Laptop,Electronics,South,Eve,8,299,10,35699,1931,3.2
1771,2025-02-09,Headphones,Wearables,East,Bob,11,199,10,24863,1669,4.9
1772,2025-02-10,Laptop,Electronics,South,Eve,1,299,0,47194,12227,3.4
1773,2025-02-11,Watch,Wearables,East,Eve,6,1299,15,2082,7346,3.5
1774,2025-02-12,Phone,Wearables,North,Charlie,16,1299,0,14874,2018,3.8
1775,2025-02-13,Phone,Accessories,West,Charlie,12,999,5,1808,6516,3.8
1776,2025-02-14,Laptop,Electronics,South,Bob,11,299,5,21801,3332,4.6
1777,2025-02-15,Phone,Accessories,East,Alice,10,599,10,9293,3858,3.9
1778,2025-02-16,Headphones,Electronics,North,Bob,3,999,15,2120,6097,3.3
1779,2025-02-17,Tablet,Wearables,North,Bob,13,1299,20,30383,2455,3.5
1780,2025-02-18,Laptop,Wearables,West,Diana,3,299,15,38034,9689,4.0
1781,2025-02-19,Phone,Electronics,East,Diana,15,199,5,38460,11072,3.3
1782,2025-02-20,Laptop,Accessories,South,Bob,16,599,20,39890,1924,4.2
1783,2025-02-21,Laptop,Accessories,West,Bob,13,1299,15,6593,10783,4.1
1784,2025-02-22,Tablet,Accessories,South,Bob,17,999,15,49752,7380,4.4
1785,2025-02-23,Headphones,Accessories,North,Eve,3,299,20,22759,4160,4.9
1786,2025-02-24,Laptop,Wearables,South,Diana,11,599,5,21155,5424,4.8
1787,2025-02-25,Phone,Wearables,South,Bob,19,299,15,33505,504,4.9
1788,2025-02-26,Watch,Wearables,West,Charlie,11,199,20,32129,1821,3.5
1789,2025-02-27,Laptop,Wearables,South,Charlie,16,999,5,24110,5416,3.3
1790,2025-02-28,Laptop,Wearables,West,Eve,3,299,20,22102,11117,3.6
1791,2025-03-01,Tablet,Accessories,North,Eve,6,1299,20,20909,3945,4.8
1792,2025-03-02,Headphones,Accessories,West,Alice,14,999,15,11610,4310,4.9
1793,2025-03-03,Watch,Accessories,West,Alice,18,1299,5,6573,11484,4.7
1794,2025-03-04,Phone,Accessories,East,Alice,17,299,15,35810,14064,3.2
1795,2025-03-05,Watch,Wearables,South,Eve,4,999,0,15782,164,4.9
1796,2025-03-06,Phone,Wearables,North,Eve,15,1299,0,10695,9591,3.8
1797,2025-03-07,Headphones,Wearables,West,Eve,11,199,5,2037,13212,3.0
1798,2025-03-08,Phone,Electronics,North,Charlie,3,199,20,17638,6482,3.9
1799,2025-03-09,Tablet,Accessories,East,Eve,3,299,15,44828,14737,3.1
1800,2025-03-10,Tablet,Accessories,South,Charlie,16,999,15,46702,9707,4.1
1801,2025-03-11,Tablet,Wearables,West,Alice,5,599,5,40664,11885,3.7
1802,2025-03-12,Tablet,Accessories,South,Alice,10,999,5,24707,1068,3.9
1803,2025-03-13,Watch,Accessories,East,Alice,19,199,0,21119,468,4.2
1804,2025-03-14,Headphones,Wearables,East,Bob,4,1299,10,25345,8524,4.7
1805,2025-03-15,Phone,Electronics,North,Bob,19,599,5,24810,2342,4.3
1806,2025-03-16,Phone,Electronics,West,Diana,11,299,10,38399,5102,3.9
1807,2025-03-17,Tablet,Electronics,North,Diana,2,599,5,31062,3183,4.6
1808,2025-03-18,Tablet,Wearables,East,Diana,10,299,20,28536,8173,4.8
1809,2025-03-19,Laptop,Accessories,South,Bob,11,599,20,9197,9212,3.2
1810,2025-03-20,Headphones,Wearables,North,Bob,16,299,0,18013,8980,4.1
1811,2025-03-21,Watch,Wearables,North,Diana,19,299,0,43539,12564,3.6
1812,2025-03-22,Phone,Accessories,South,Diana,11,599,10,3645,14652,3.1
1813,2025-03-23,Laptop,Electronics,North,Eve,14,599,5,28318,13422,4.3
1814,2025-03-24,Laptop,Electronics,South,Diana,2,299,15,31044,1569,4.7
1815,2025-03-25,Phone,Wearables,West,Eve,5,199,0,13600,4825,3.3
1816,2025-03-26,Watch,Electronics,South,Charlie,5,599,15,20604,4359,4.6
1817,2025-03-27,Laptop,Wearables,West,Bob,19,999,15,4567,3722,4.7
1818,2025-03-28,Laptop,Wearables,South,Diana,12,1299,5,37463,10392,4.8
1819,2025-03-29,Headphones,Accessories,East,Bob,18,299,10,31228,10557,3.5
1820,2025-03-30,Watch,Accessories,East,Bob,4,299,5,32817,12081,4.8
1821,2025-03-31,Laptop,Accessories,West,Bob,17,1299,0,31916,923,3.6
1822,2025-04-01,Watch,Wearables,West,Charlie,10,199,15,42512,3531,4.1
1823,2025-04-02,Phone,Accessories,East,Alice,6,1299,5,40549,6628,3.1
1824,2025-04-03,Tablet,Electronics,West,Diana,14,599,5,3009,4251,3.1
1825,2025-04-04,Laptop,Electronics,South,Alice,11,1299,5,21900,4313,4.4
1826,2025-04-05,Headphones,Wearables,South,Alice,11,299,0,48770,7520,3.9
1827,2025-04-06,Phone,Wearables,East,Alice,18,1299,10,7033,9089,3.5
1828,2025-04-07,Watch,Accessories,North,Bob,18,999,5,15170,879,3.4
1829,2025-04-08,Phone,Wearables,South,Eve,11,599,0,4432,11142,4.3
1830,2025-04-09,Laptop,Wearables,West,Bob,12,1299,15,47863,2992,3.0
1831,2025-04-10,Watch,Electronics,North,Bob,5,299,20,46309,5634,4.6
1832,2025-04-11,Tablet,Electronics,North,Alice,9,599,0,38828,10185,3.2
1833,2025-04-12,Phone,Accessories,South,Bob,9,299,20,37284,3406,3.4
1834,2025-04-13,Laptop,Wearables,South,Alice,10,199,5,24223,3002,3.8
1835,2025-04-14,Headphones,Wearables,North,Eve,19,999,5,1219,13095,4.0
1836,2025-04-15,Watch,Electronics,North,Diana,1,199,0,574,13491,3.7
1837,2025-04-16,Phone,Wearables,East,Alice,7,999,20,26998,3818,3.6
1838,2025-04-17,Phone,Electronics,West,Eve,4,1299,5,31845,121,4.9
1839,2025-04-18,Tablet,Accessories,East,Diana,1,599,15,21041,1600,4.3
1840,2025-04-19,Tablet,Electronics,South,Charlie,15,1299,10,46429,9134,3.0
1841,2025-04-20,Headphones,Wearables,East,Alice,8,999,10,35417,10052,3.9
1842,2025-04-21,Headphones,Accessories,East,Alice,12,999,5,26528,3741,4.8
1843,2025-04-22,Laptop,Electronics,East,Charlie,18,999,20,30045,5312,3.6
1844,2025-04-23,Laptop,Electronics,East,Charlie,15,299,5,14533,291,3.2
1845,2025-04-24,Headphones,Accessories,West,Alice,17,599,20,32173,13406,4.5
1846,2025-04-25,Headphones,Accessories,West,Charlie,14,1299,15,31474,13514,4.2
1847,2025-04-26,Watch,Electronics,North,Bob,14,1299,20,23597,8687,4.1
1848,2025-04-27,Tablet,Wearables,South,Diana,18,199,5,37475,7274,3.1
1849,2025-04-28,Laptop,Electronics,East,Diana,18,999,15,28108,5214,3.3
1850,2025-04-29,Tablet,Accessories,North,Diana,16,999,0,24025,4762,4.2
1851,2025-04-30,Tablet,Electronics,North,Bob,1,999,10,15543,4426,3.4
1852,2025-05-01,Headphones,Accessories,North,Charlie,11,1299,5,42346,9165,4.0
1853,2025-05-02,Watch,Accessories,West,Eve,15,199,5,12225,10913,4.1
1854,2025-05-03,Phone,Wearables,East,Charlie,12,299,5,37204,4435,3.6
1855,2025-05-04,Watch,Accessories,East,Alice,8,599,15,42575,8381,4.9
1856,2025-05-05,Watch,Accessories,South,Diana,6,299,0,37883,10571,4.7
1857,2025-05-06,Tablet,Wearables,East,Charlie,3,1299,20,29983,8748,4.4
1858,2025-05-07,Watch,Accessories,East,Eve,13,999,0,7765,10572,3.2
1859,2025-05-08,Laptop,Wearables,North,Alice,13,599,15,23263,12741,3.2
1860,2025-05-09,Tablet,Wearables,South,Bob,2,1299,5,10616,9296,4.0
1861,2025-05-10,Laptop,Accessories,East,Bob,5,1299,10,16233,13744,3.3
1862,2025-05-11,Phone,Accessories,West,Eve,17,1299,5,47160,12826,5.0
1863,2025-05-12,Tablet,Electronics,East,Alice,6,599,20,26002,5594,3.3
1864,2025-05-13,Phone,Wearables,North,Diana,2,599,10,37920,8636,4.0
1865,2025-05-14,Tablet,Electronics,West,Charlie,4,199,5,43741,2811,3.7
1866,2025-05-15,Headphones,Accessories,North,Alice,11,199,10,9747,7695,4.3
1867,2025-05-16,Watch,Electronics,East,Bob,8,299,0,24340,13044,3.3
1868,2025-05-17,Headphones,Wearables,West,Eve,12,599,15,21558,6373,3.9
1869,2025-05-18,Phone,Electronics,South,Eve,8,599,5,35429,6384,3.5
1870,2025-05-19,Watch,Wearables,South,Charlie,11,599,20,19135,10754,4.8
1871,2025-05-20,Tablet,Accessories,West,Eve,8,199,0,26128,9408,3.1
1872,2025-05-21,Watch,Accessories,West,Eve,8,1299,5,31862,8917,4.8
1873,2025-05-22,Laptop,Wearables,North,Alice,17,999,0,21453,12671,4.7
1874,2025-05-23,Watch,Accessories,West,Diana,16,199,20,19628,10271,3.6
1875,2025-05-24,Laptop,Accessories,North,Charlie,14,599,5,47856,4094,4.6
1876,2025-05-25,Watch,Accessories,East,Alice,11,199,20,12561,1778,3.1
1877,2025-05-26,Laptop,Accessories,North,Diana,7,299,10,6541,8514,4.9
1878,2025-05-27,Phone,Wearables,West,Alice,16,599,20,13173,843,4.1
1879,2025-05-28,Headphones,Electronics,West,Alice,13,299,10,21559,562,3.6
1880,2025-05-29,Tablet,Electronics,East,Eve,15,599,5,34828,1668,3.7
1881,2025-05-30,Watch,Accessories,West,Diana,16,199,10,45222,11639,3.1
1882,2025-05-31,Headphones,Electronics,West,Charlie,9,1299,5,18048,14093,5.0
1883,2025-06-01,Tablet,Electronics,South,Charlie,3,999,5,15578,13551,3.1
1884,2025-06-02,Tablet,Accessories,South,Diana,19,299,15,5919,14792,4.3
1885,2025-06-03,Laptop,Accessories,East,Eve,5,199,5,35990,1836,3.9
1886,2025-06-04,Phone,Electronics,North,Bob,10,1299,10,11050,13434,4.9
1887,2025-06-05,Phone,Wearables,South,Alice,17,199,15,30837,12331,3.5
1888,2025-06-06,Headphones,Accessories,North,Eve,15,299,15,1968,8003,4.1
1889,2025-06-07,Phone,Wearables,West,Diana,8,999,5,24809,12243,4.0
1890,2025-06-08,Watch,Electronics,South,Alice,15,199,20,1308,7102,4.4
1891,2025-06-09,Phone,Accessories,East,Charlie,14,599,20,25247,8956,3.1
1892,2025-06-10,Headphones,Wearables,East,Bob,7,1299,15,7219,1456,3.4
1893,2025-06-11,Phone,Accessories,East,Charlie,12,199,5,16863,1114,3.4
1894,2025-06-12,Watch,Electronics,South,Diana,17,1299,20,29218,10424,4.5
1895,2025-06-13,Laptop,Wearables,North,Alice,17,599,5,29301,10960,3.4
1896,2025-06-14,Headphones,Electronics,West,Diana,10,999,5,43859,1154,4.1
1897,2025-06-15,Laptop,Electronics,North,Alice,19,999,15,38341,1864,3.4
1898,2025-06-16,Laptop,Accessories,North,Eve,14,599,15,8512,14675,4.7
1899,2025-06-17,Laptop,Wearables,West,Bob,11,1299,0,18529,6109,4.9
1900,2025-06-18,Tablet,Electronics,West,Eve,2,199,20,47160,4558,4.0
1901,2025-06-19,Tablet,Electronics,South,Eve,18,599,20,41517,11161,3.7
1902,2025-06-20,Laptop,Wearables,South,Diana,7,299,20,48415,9704,3.5
1903,2025-06-21,Headphones,Electronics,South,Bob,12,1299,10,1267,767,3.1
1904,2025-06-22,Watch,Electronics,South,Alice,2,999,5,4395,3470,3.5
1905,2025-06-23,Watch,Wearables,South,Alice,18,599,15,43468,6076,4.3
1906,2025-06-24,Phone,Wearables,West,Charlie,6,999,20,40597,1494,4.1
1907,2025-06-25,Headphones,Wearables,North,Alice,10,1299,0,15832,8390,4.9
1908,2025-06-26,Tablet,Wearables,South,Diana,15,999,20,15121,14482,3.8
1909,2025-06-27,Laptop,Accessories,South,Eve,5,599,5,11834,4170,4.4
1910,2025-06-28,Phone,Wearables,North,Eve,3,1299,5,18674,7082,4.0
1911,2025-06-29,Watch,Accessories,South,Eve,5,299,15,34153,8713,4.0
1912,2025-06-30,Tablet,Accessories,North,Bob,8,599,10,41002,5699,3.5
1913,2025-07-01,Tablet,Accessories,North,Alice,8,199,15,37174,3750,3.9
1914,2025-07-02,Laptop,Electronics,West,Diana,8,599,20,37760,12449,3.9
1915,2025-07-03,Watch,Accessories,East,Bob,12,1299,0,42998,9424,4.4
1916,2025-07-04,Headphones,Accessories,West,Charlie,8,599,15,2573,9994,4.9
1917,2025-07-05,Tablet,Electronics,East,Diana,11,299,10,49964,3720,3.7
1918,2025-07-06,Laptop,Electronics,East,Diana,14,299,15,6769,3290,3.1
1919,2025-07-07,Headphones,Electronics,East,Diana,8,199,5,17694,8889,4.0
1920,2025-07-08,Watch,Wearables,South,Eve,10,999,20,27311,491,4.1
1921,2025-07-09,Tablet,Electronics,West,Diana,7,1299,20,7341,1175,3.3
1922,2025-07-10,Headphones,Electronics,East,Alice,17,1299,20,44223,2750,4.5
1923,2025-07-11,Headphones,Accessories,North,Diana,4,999,20,35300,13700,5.0
1924,2025-07-12,Headphones,Electronics,South,Eve,13,299,20,10199,14417,4.9
1925,2025-07-13,Tablet,Wearables,West,Diana,4,299,20,46005,2484,3.4
1926,2025-07-14,Tablet,Electronics,East,Charlie,5,599,0,11262,909,4.8
1927,2025-07-15,Phone,Wearables,North,Charlie,4,199,10,40397,8147,4.4
1928,2025-07-16,Watch,Electronics,West,Eve,18,199,20,42056,11601,3.9
1929,2025-07-17,Laptop,Electronics,West,Alice,6,199,10,2647,5601,4.1
1930,2025-07-18,Headphones,Electronics,South,Alice,2,599,20,33883,12030,4.7
1931,2025-07-19,Phone,Electronics,West,Bob,11,199,15,34215,6995,4.0
1932,2025-07-20,Laptop,Wearables,South,Eve,14,999,20,38945,1259,3.7
1933,2025-07-21,Phone,Wearables,East,Diana,5,599,5,41134,7674,4.0
1934,2025-07-22,Tablet,Accessories,South,Eve,6,999,0,2513,1631,4.2
1935,2025-07-23,Headphones,Wearables,North,Bob,10,599,15,20581,5581,3.4
1936,2025-07-24,Laptop,Electronics,South,Eve,8,199,15,17374,7648,4.8
1937,2025-07-25,Laptop,Accessories,North,Eve,14,999,5,38255,5076,4.3
1938,2025-07-26,Laptop,Accessories,South,Bob,3,999,20,9233,5795,4.3
1939,2025-07-27,Laptop,Accessories,West,Alice,12,999,0,9979,10974,3.2
1940,2025-07-28,Laptop,Electronics,East,Diana,16,599,15,10325,8545,4.2
1941,2025-07-29,Phone,Wearables,North,Bob,17,1299,0,21804,3648,3.2
1942,2025-07-30,Headphones,Electronics,South,Charlie,1,199,15,36194,11477,3.2
1943,2025-07-31,Tablet,Accessories,South,Alice,10,999,20,40550,6263,4.1
1944,2025-08-01,Tablet,Electronics,South,Charlie,10,1299,15,16135,6771,3.8
1945,2025-08-02,Tablet,Electronics,West,Alice,2,199,15,49115,5364,4.2
1946,2025-08-03,Tablet,Wearables,West,Diana,9,199,10,21260,1331,3.2
1947,2025-08-04,Phone,Wearables,North,Diana,13,999,20,9990,2523,3.9
1948,2025-08-05,Watch,Accessories,North,Eve,16,999,5,21752,11867,3.3
1949,2025-08-06,Headphones,Electronics,West,Charlie,18,599,5,40254,8171,5.0
1950,2025-08-07,Laptop,Electronics,North,Alice,19,1299,20,7362,4361,4.1
1951,2025-08-08,Watch,Wearables,East,Diana,12,1299,5,45427,9865,4.4
1952,2025-08-09,Tablet,Electronics,East,Bob,8,999,20,4923,3008,3.7
1953,2025-08-10,Watch,Electronics,West,Diana,17,199,5,10950,4812,3.2
1954,2025-08-11,Headphones,Electronics,North,Bob,15,999,10,41427,6855,5.0
1955,2025-08-12,Laptop,Wearables,South,Alice,10,199,5,35341,9917,3.6
1956,2025-08-13,Laptop,Accessories,East,Diana,15,199,15,23054,12290,3.8
1957,2025-08-14,Headphones,Accessories,West,Diana,15,999,20,32326,3983,4.3
1958,2025-08-15,Headphones,Electronics,North,Alice,7,299,0,43379,3615,3.0
1959,2025-08-16,Tablet,Accessories,West,Diana,13,1299,0,7325,3503,4.6
1960,2025-08-17,Laptop,Wearables,South,Bob,17,199,20,43920,4698,4.1
1961,2025-08-18,Watch,Wearables,East,Diana,9,199,10,12954,5108,3.6
1962,2025-08-19,Phone,Accessories,West,Charlie,8,299,5,24751,6322,3.1
1963,2025-08-20,Phone,Accessories,West,Eve,18,599,10,21148,12972,3.3
1964,2025-08-21,Headphones,Electronics,West,Bob,13,299,0,41236,10250,4.8
1965,2025-08-22,Tablet,Accessories,South,Charlie,16,299,20,25030,4109,4.4
1966,2025-08-23,Phone,Electronics,West,Alice,9,199,20,13016,2835,3.5
1967,2025-08-24,Laptop,Electronics,South,Bob,12,1299,10,47558,4591,3.1
1968,2025-08-25,Headphones,Wearables,South,Eve,12,299,10,41044,14019,4.4
1969,2025-08-26,Watch,Wearables,South,Eve,6,599,5,9058,14268,4.1
1970,2025-08-27,Headphones,Wearables,East,Alice,19,999,15,9219,11466,3.8
1971,2025-08-28,Watch,Wearables,East,Alice,7,299,15,5386,8693,3.7
1972,2025-08-29,Headphones,Accessories,West,Bob,3,299,5,28685,1074,3.4
1973,2025-08-30,Headphones,Wearables,West,Diana,16,599,15,37887,323,4.3
1974,2025-08-31,Headphones,Accessories,East,Alice,18,1299,0,22075,4713,4.9
1975,2025-09-01,Watch,Wearables,North,Diana,16,299,15,47224,6877,3.4
1976,2025-09-02,Watch,Accessories,East,Charlie,7,299,5,43613,8527,4.2
1977,2025-09-03,Headphones,Electronics,South,Eve,4,1299,15,40143,11790,3.8
1978,2025-09-04,Phone,Accessories,East,Diana,8,599,20,10600,4311,3.9
1979,2025-09-05,Tablet,Accessories,South,Eve,13,299,10,8356,11526,3.5
1980,2025-09-06,Tablet,Wearables,West,Diana,13,1299,0,38669,325,4.7
1981,2025-09-07,Tablet,Accessories,North,Charlie,17,299,20,29304,10569,4.0
1982,2025-09-08,Watch,Electronics,West,Alice,17,999,20,36290,8283,4.1
1983,2025-09-09,Watch,Electronics,South,Charlie,5,199,5,31488,4377,3.6
1984,2025-09-10,Phone,Wearables,South,Alice,6,999,10,44943,1441,3.4
1985,2025-09-11,Tablet,Electronics,South,Alice,19,299,10,11412,4136,3.2
1986,2025-09-12,Tablet,Accessories,North,Eve,13,599,0,39006,8501,4.4
1987,2025-09-13,Headphones,Electronics,East,Charlie,14,199,5,48394,3827,3.4
1988,2025-09-14,Watch,Wearables,West,Diana,4,999,0,22868,13803,4.4
1989,2025-09-15,Tablet,Accessories,West,Charlie,7,1299,15,2270,4028,3.8
1990,2025-09-16,Phone,Wearables,East,Eve,8,599,20,12805,14531,3.8
1991,2025-09-17,Phone,Accessories,West,Alice,13,999,0,10469,13281,3.9
1992,2025-09-18,Tablet,Electronics,North,Eve,6,1299,20,12904,14269,3.7
1993,2025-09-19,Watch,Wearables,West,Bob,6,299,5,9489,2903,3.2
1994,2025-09-20,Phone,Wearables,South,Bob,3,1299,15,36483,9401,3.6
1995,2025-09-21,Headphones,Accessories,East,Diana,3,999,5,45248,6658,4.3
1996,2025-09-22,Phone,Wearables,North,Eve,13,999,15,39962,10318,4.3
1997,2025-09-23,Laptop,Accessories,East,Diana,2,299,15,19860,493,3.6
1998,2025-09-24,Laptop,Accessories,North,Diana,16,1299,20,20621,6939,3.9
1999,2025-09-25,Watch,Accessories,South,Bob,6,1299,5,26787,9135,3.4
2000,2025-09-26,Tablet,Accessories,East,Diana,8,299,5,43929,9816,3.4
